word,value
a full,-1
abaleado,-1
abalear,-1
abandonado,-1
abandonar,-1
abandono,-1
abandono,-1
aboliera,-1
aborrecido,-1
absurda,-1
absurdo,-1
aburrido,-1
aburrirse,-1
aburrirse,-1
abuso,-1
abusos,-1
acaba,-1
acaban,-1
acabando,-1
acabando,-1
acabar,-1
acabarse,-1
acabo,-1
acallada,-1
acaparador,-1
acaso,-1
acatan,-1
accidentados,-1
accidental,-1
accidentales,-1
accidente,-1
accionar,-1
acciones,-1
acento,-1
achachay,-1
acosar,-1
actos,-1
acusa,-1
acusacion,-1
acusado,-1
acusas,-1
acuso,-1
adivinen,-1
aduterado,-1
adversario,-1
adverso,-1
advierte,-1
afecta,-1
afectado,-1
afectados,-1
afectando,-1
afliccion,-1
afligido,-1
afligir,-1
afuera,-1
afueras,-1
agarrada,-1
agitador,-1
agitador,-1
agredidos,-1
agredieron,-1
agresion,-1
agresiones,-1
agresor,-1
agresores,-1
aguanta,-1
aguantar,-1
aguerrido,-1
ahogar,-1
ahorra,-1
ahuevado,-1
ahuyenta,-1
aislado,-1
ajusticiar,-1
al huevo,-1
albergues,-1
alboroto,-1
alcahuete,-1
alcahuete,-1
alcahuetes,-1
alcohol,-1
alerta,-1
alertas,-1
alteracion,-1
amante,-1
amargado,-1
amarre,-1
ambicion,-1
ambicioso,-1
ambulantes,-1
amedrenta,-1
amenaza,-1
amenazan,-1
amenazante,-1
andate,-1
angustia,-1
animal,-1
ansioso,-1
antagonista,-1
anticapitalista,-1
antimicotico,-1
antimotines,-1
antimotines ,-1
antipatico,-1
antipopular,-1
antipopulare,-1
anular,-1
aparte,-1
apatico,-1
aplastar,-1
aplazamiento,-1
apostadas,-1
apresar,-1
apresar,-1
apresurado,-1
apunta,-1
apurado,-1
arbitraria,-1
arbitrarias,-1
arma,-1
armada,-1
armadas,-1
armado,-1
armas,-1
arme,-1
arranca,-1
arrarray,-1
arrechar,-1
arremete,-1
arrepiento,-1
arrogante,-1
arrojan,-1
arrozverde,-1
arrugo,-1
arruinado,-1
artilleria,-1
asesinando,-1
asesinar,-1
asesinas,-1
asesinato,-1
asesino,-1
asesinos,-1
asqueroso,-1
astucia,-1
asustado,-1
asustar,-1
ataca,-1
atacados,-1
atacan,-1
atacando,-1
atacar,-1
atacaron,-1
ataques,-1
atatay,-1
ataud,-1
atentara,-1
atentaron,-1
atraco,-1
atras,-1
atrocidades,-1
atropello,-1
atropello,-1
atroz,-1
aturdido,-1
aturdido,-1
ausencia,-1
ausente,-1
ausentismo,-1
austeridad,-1
austero,-1
aversion,-1
ayayay,-1
azotar,-1
bacilando,-1
badulaque,-1
baja,-1
baja calidad,-1
bajarle,-1
bajarnos,-1
bajo,-1
bajos,-1
barbaridad,-1
barbaro,-1
basta,-1
basura,-1
bazofia,-1
bestia,-1
bestial,-1
biblia,-1
bigoton,-1
blasfemia,-1
bloqueo,-1
bobo,-1
boca chauchera,-1
bomba,-1
bombardea,-1
bombardeando,-1
bombas,-1
bombas lacrimogenas,-1
borreguita,-1
botamos,-1
botarse,-1
bruja,-1
brujas,-1
brujeria,-1
bruta,-1
brutal,-1
brutal paliza,-1
brutalment,-1
bruto,-1
bulla,-1
burla,-1
burocracia,-1
burro,-1
busetero,-1
caballo,-1
cacerolazo,-1
cachetealo,-1
cacho,-1
cadaver,-1
cadena,-1
cadenas,-1
cae,-1
caer,-1
caer en cana,-1
cagado,-1
caida,-1
caigan,-1
caigo,-1
caleteado,-1
califica concurso debate,-1
callate,-1
callese,-1
calumnia,-1
calumnias,-1
calvario,-1
camaron,-1
camaronear,-1
cambiar sede,-1
cambiarlo,-1
cambiaste,-1
cambien,-1
canalla,-1
cansancio,-1
cantinfladas,-1
caos,-1
caotica,-1
caprichos,-1
captado,-1
captura,-1
capturar,-1
capturen,-1
carcel,-1
carcoso,-1
cargado,-1
cargoso,-1
caro,-1
castigarlos,-1
castigo,-1
causante,-1
causantes,-1
causar,-1
cautiverio,-1
cayendo,-1
cayo,-1
celos,-1
celoso,-1
censura,-1
cerco mediatico,-1
cerdo,-1
cerdos,-1
cero,-1
cerrado,-1
cerrados,-1
cerrar,-1
chantaje,-1
chantajes,-1
chavistas,-1
checho,-1
chendo,-1
chira,-1
chiro,-1
choque,-1
chuta,-1
ciegos,-1
cierran,-1
cinica,-1
cinico,-1
citacion,-1
cloaca,-1
cobarde,-1
combate,-1
comiendome,-1
complejos,-1
complice,-1
complicidad,-1
comprar en calles,-1
comunista,-1
comunistas,-1
condenacion,-1
condenan,-1
condenar,-1
confabulando,-1
confiscar,-1
conflicto,-1
confundir,-1
Confusion,-1
congelacion,-1
conmocion,-1
consecuencia,-1
consecuencias,-1
consolarme,-1
conspira,-1
conspiradora,-1
consternacion,-1
contagia,-1
contaminacion,-1
contaminar,-1
contrabando,-1
contradictorio,-1
contralor,-1
contrario,-1
control,-1
controla,-1
controles,-1
convenciendo,-1
correa,-1
correismo,-1
correista,-1
correistas,-1
corrupcion,-1
corrupta,-1
corruptas,-1
corrupto,-1
corruptos,-1
cortaran,-1
cortarme,-1
cortaron,-1
corte,-1
coruptos,-1
crazy,-1
creidas,-1
criadero,-1
crimen,-1
crimenes,-1
criminal,-1
criminales,-1
crisis,-1
critica,-1
cruel,-1
crujiente,-1
cuentero,-1
culebrero,-1
culo,-1
culpa,-1
culpable,-1
culpando,-1
culpar,-1
culpes,-1
curioso,-1
dbole moral,-1
debe,-1
deben,-1
deberes,-1
deberian,-1
deberias,-1
debil,-1
decada,-1
decada ganada,-1
decada robada,-1
decepcion,-1
defecto,-1
defectuoso,-1
defender indefendible,-1
defenderse,-1
deformado,-1
degenerados,-1
deja,-1
dejar,-1
dejaron,-1
dejemos,-1
dejen,-1
delincuencia,-1
delincuente,-1
delincuentes,-1
delirante,-1
delirio,-1
delito,-1
delitos,-1
demacrado,-1
demagogica,-1
demagogico,-1
demandas,-1
demencial,-1
demonio,-1
denuncia,-1
denuncian,-1
denuncio,-1
dependencia,-1
depresion,-1
derrocamiento,-1
derrotado,-1
derrotar,-1
desabastecida,-1
desabastecimie,-1
desacato,-1
desactivaba,-1
desafortunadas,-1
desagradable,-1
desahucios,-1
desaparecer,-1
desaparecido,-1
desapariciones,-1
desaprobacion,-1
desastre,-1
desbordarse,-1
descarados,-1
descaro,-1
descerebrado,-1
desconocido,-1
desconsiderado,-1
descontarle,-1
descontento,-1
descuidado,-1
desden,-1
desempanan,-1
desenfrenado,-1
desesperacion,-1
desespero,-1
desestabilizacion,-1
desestabilizadoras,-1
desestabilizar,-1
desgarrador,-1
desgobiernan,-1
desgracia,-1
desgraciado,-1
desigual,-1
desilucionado,-1
desisto,-1
desleal,-1
deslegitimar,-1
desmanes,-1
desmayo,-1
desnudan,-1
desordenado,-1
despectivo,-1
despectivos,-1
despedida,-1
despedir,-1
despotico,-1
despreciable,-1
destabilizadores,-1
destituir,-1
destruccion,-1
destruidas,-1
destruir,-1
destruiras,-1
destruyen,-1
destruyeron,-1
destsbilizar,-1
desvaneci,-1
desvanecio,-1
detencion,-1
detenciones,-1
detenida,-1
detenido,-1
detenidos,-1
deteriorado,-1
detesta,-1
detestar,-1
detractores,-1
deudor,-1
diablos,-1
diabolico,-1
diatriba,-1
dictador,-1
dictadura,-1
difamacion,-1
difamatorio,-1
dificil,-1
discapacidad,-1
discordia,-1
disgustado,-1
disgusto,-1
disidente,-1
disminucion,-1
disparan,-1
disparando,-1
disparar,-1
disparo,-1
distorsionado,-1
distraer,-1
doble cara,-1
doble discurso,-1
doble moral,-1
dolor,-1
dolorido,-1
dominar,-1
droga,-1
drogas,-1
duda,-1
dudoso,-1
duende,-1
dureza,-1
eliminaba,-1
eliminacion,-1
eliminadas,-1
eliminado,-1
eliminalo,-1
eliminar,-1
emergencia,-1
emplumado,-1
empobrecen,-1
en contra,-1
en que manos,-1
enana,-1
encamador,-1
encarcela,-1
encarcelada,-1
encerrada,-1
enemigo,-1
enemigos,-1
enfermedad,-1
enfermizo,-1
enfermo,-1
enfermos,-1
enfrentamiento,-1
enfrentamientos,-1
enfrentando,-1
enfrentarnos,-1
enganar,-1
engano,-1
enganoso,-1
engendro,-1
enjuiciados,-1
enjuiciar,-1
enjuicie,-1
enoja,-1
enojado,-1
enredado,-1
entierro,-1
equivocado,-1
errado,-1
erroneo,-1
error,-1
erupcion,-1
es correista,-1
escandalo,-1
escasez,-1
escaso,-1
escasos,-1
esclavitud,-1
escombros,-1
esconde,-1
esconder,-1
esconderse,-1
escondida,-1
escondida,-1
escondidos,-1
escoria,-1
espectro,-1
especulando,-1
espeluznante,-1
espina,-1
espinoso,-1
espurio,-1
esteril,-1
esterilidad,-1
estiercol,-1
estridente,-1
estupida,-1
estupideces,-1
estupido,-1
evitar,-1
evite,-1
exagerada,-1
exagerando,-1
exagerar,-1
examen,-1
exceso,-1
excusas,-1
exige,-1
exigente,-1
exigimos,-1
exigir,-1
explosion,-1
explota,-1
exploto,-1
expulsar,-1
expulsion,-1
extrano,-1
fachoso,-1
fallecidos,-1
fallecio,-1
falsas,-1
falsedad,-1
falsificacion,-1
falsificar,-1
falta,-1
faltaba,-1
fanatico,-1
farsa,-1
farsante,-1
fascista,-1
fatal,-1
fea,-1
feas,-1
febril,-1
fecales,-1
feo,-1
feroz,-1
fingido,-1
flacido,-1
flojo,-1
fracaso,-1
fragilidad,-1
fregado,-1
fregar,-1
frenetico,-1
frio,-1
frustrado,-1
frustrar,-1
fuga,-1
furioso,-1
furtivo,-1
gasolina fuego,-1
gasolinazo,-1
gemido,-1
genocida,-1
gil,-1
golpe,-1
golpeados,-1
golpean,-1
golpear,-1
golpismo,-1
golpista,-1
golpistas,-1
gota,-1
grave,-1
grieta,-1
grilla,-1
grito,-1
grunido,-1
guarida,-1
guerra,-1
guerrillas,-1
gusano,-1
hacia atras,-1
hambre,-1
harto,-1
hdp,-1
hecho cera,-1
hecho el mucho,-1
hecho funda,-1
hecho pedazos,-1
hecho sopa,-1
hecho trozo,-1
hemorroides,-1
herido,-1
heridos,-1
herir,-1
hinchado,-1
hipocresia,-1
hipocrita,-1
hipocritas,-1
horrible,-1
horror,-1
hosco,-1
hostil,-1
huelga,-1
huevada,-1
huir,-1
humilde,-1
humilla,-1
humillacion,-1
hundimiento,-1
hurto,-1
huye,-1
idiota,-1
ignorantes,-1
ilegal,-1
impedidos,-1
impedir,-1
impio,-1
implacable,-1
impone,-1
imposible,-1
imposicion,-1
impotencia,-1
impotente,-1
improductivo,-1
imprudente,-1
impuestas,-1
impuesto,-1
impuestos,-1
impunidad,-1
impuso,-1
inabarcable,-1
inadecuado,-1
inapapers,-1
incalculable,-1
incantuarse,-1
incapacidad,-1
incapacidad,-1
incendiar,-1
incertidumbre,-1
incitacion,-1
incitando,-1
incitar,-1
incomodo,-1
inconsciente,-1
inconstitucional,-1
incorrecto,-1
incumplimiento,-1
incursion,-1
indeciso,-1
indefendible,-1
indefension,-1
indefenso,-1
indefinido,-1
indiferencia,-1
indigente,-1
indignado,-1
indignante,-1
indio,-1
indiofobico,-1
indios,-1
ineficaz,-1
inepto,-1
ineptos,-1
inestable,-1
inevitable,-1
inevitablemente,-1
inexperto,-1
inexplicable,-1
infame,-1
infantil,-1
infeliz,-1
inferior,-1
infiel,-1
infierno,-1
infiltradas,-1
infiltraron,-1
infligir,-1
infraccion,-1
infundado,-1
injusticia,-1
injustificado,-1
injusto,-1
inmiscuidos,-1
inmoral,-1
inmundo,-1
inseguro,-1
insipido,-1
insistencia,-1
insostenible,-1
insultado,-1
insultos,-1
insurreccion,-1
interminable,-1
intruso,-1
inusitada,-1
inutil,-1
inutiles,-1
invalido,-1
invasion,-1
invitarlo salir,-1
involuntario,-1
ir preso,-1
irresponsable,-1
jamas,-1
jarabe de pico,-1
jibaro,-1
jodan,-1
joder,-1
jodido,-1
jodieron,-1
juerga,-1
jugador,-1
juzgar,-1
juzgarte,-1
la concha,-1
la gran flauta,-1
laborioso,-1
lacrimogeno,-1
lacrimogenos,-1
ladron,-1
ladron,-1
ladrones,-1
lamentable,-1
lamentablemente,-1
lanza gases,-1
largate,-1
largues,-1
las ratas,-1
lastimosamente,-1
lata,-1
lejos,-1
lenta,-1
lesbiano,-1
letales,-1
lisiado,-1
llamativo,-1
llorar,-1
lloro,-1
lo peor,-1
loco,-1
locura,-1
longo,-1
lorenzo,-1
lucha,-1
machito,-1
mafia,-1
mal,-1
mal servicio,-1
mala,-1
maldito,-1
malevolo,-1
malicia,-1
maligno,-1
malo,-1
malparqueado,-1
maltercio,-1
mamaracho,-1
mamarracho,-1
mancha,-1
maniaco,-1
manifestante,-1
manifestantes,-1
manipulacion,-1
manipulacion video,-1
manipulado,-1
mano bolsillo,-1
mantenida,-1
marcha,-1
marchas,-1
marchito,-1
maricon,-1
masacrado,-1
masacran,-1
masacrar,-1
masacre,-1
matando,-1
matanza,-1
matar,-1
matas,-1
mate,-1
maten,-1
maton,-1
matones,-1
medida extrema,-1
mediocre,-1
melancolico,-1
mentir,-1
mentira,-1
mentiras,-1
mentiroso,-1
mentirosos,-1
mercenaria,-1
mercenario,-1
merda,-1
miedo,-1
mientan,-1
miente,-1
mienten,-1
mientes,-1
mierda,-1
miserable,-1
miseria,-1
moho,-1
molesta,-1
molestar,-1
molestia,-1
molesto,-1
monudo,-1
moribundo,-1
morir,-1
mortal,-1
mortales,-1
movilizacion,-1
movilizaciones,-1
mozo,-1
muere,-1
muero,-1
muerte,-1
muertes,-1
muerto,-1
muertos,-1
muriendo,-1
murieron,-1
narcocorreistas,-1
narcos,-1
narcoterroristas,-1
nauseabundo,-1
necesidad,-1
necesitados,-1
necesitan,-1
necesitas,-1
necesito,-1
nefasto,-1
negacion,-1
negadita,-1
negar,-1
negligencia,-1
negro,-1
neoliberales,-1
nervioso,-1
ni gota,-1
niega,-1
ninguna,-1
no nombre,-1
NO TRANSLATION,-1
noalcalde,-1
noalparo,-1
nublado,-1
obituario,-1
obligada,-1
obligados,-1
obligar,-1
obligues,-1
obsceno,-1
obstaculizando ,-1
obstaculo,-1
ocultar,-1
oculto,-1
odiadores,-1
odio,-1
odiosa,-1
odioso,-1
olvida,-1
olvidado,-1
olvidar,-1
omitir,-1
oportunistas,-1
oposicion,-1
opresor,-1
oscuridad,-1
osea,-1
paliza,-1
palos,-1
pantano,-1
paquetaz,-1
paquetazoo,-1
paralisis,-1
paralizacion,-1
paralizaron,-1
paramos,-1
parasito,-1
parcial,-1
paro,-1
patojo,-1
pecuaca,-1
pecueca,-1
pegan,-1
pegando,-1
pegar,-1
pego,-1
pegue,-1
pelea,-1
pelear,-1
peligro,-1
peligroso,-1
pelucon,-1
pelucones,-1
peluconsita ,-1
peluda,-1
pena,-1
penas,-1
pendejada,-1
pendejo,-1
pendejos,-1
peor,-1
perder,-1
perdicion,-1
perdida,-1
perdidas,-1
perdido,-1
perdidos,-1
perdio,-1
perezoso,-1
pericote,-1
perjudicada,-1
perjudicados,-1
perjudicar,-1
perjudicial,-1
perra,-1
persecucion,-1
perseguida,-1
perseguidos,-1
persiguen,-1
pervertido,-1
pesadilla,-1
pesimo,-1
pistola,-1
Piteado,-1
plaga,-1
pobre,-1
pobres,-1
pocas,-1
poderosos,-1
podrida,-1
poner en peligro,-1
pornografia,-1
preocupada,-1
preocupado,-1
preocuparse,-1
presion,-1
preso,-1
presos,-1
preventivo,-1
prision,-1
privacion,-1
privado,-1
problema,-1
problemas,-1
procesar,-1
profugo,-1
prohibido,-1
prohibiendo,-1
prohibiendo los regalos,-1
protesta,-1
protesta,-1
protestan,-1
protestar,-1
protestas,-1
protestas,-1
provocado,-1
puercos,-1
punto muerto,-1
puta,-1
puteando,-1
puyazo,-1
Que foca,-1
Que foco,-1
quebraron,-1
queja,-1
quejado,-1
quejarse,-1
quejo,-1
quemada,-1
queman,-1
quemando,-1
quesque,-1
quino,-1
quitar,-1
quitaron,-1
rabia,-1
rabo,-1
racista,-1
racistas,-1
rancio,-1
raras,-1
raro,-1
rastrero,-1
rata,-1
ratas,-1
ratero,-1
rebelion,-1
rechaza,-1
rechazado,-1
rechazan,-1
rechazo,-1
reclama,-1
reclamo,-1
regano,-1
rehenes,-1
relajo,-1
renuncia,-1
renunciar,-1
renuncie,-1
repelen,-1
represion,-1
represor,-1
represoras,-1
reprimen,-1
reprimes,-1
reprimido,-1
reprimir,-1
repudia,-1
repudio,-1
repugnante,-1
resentimiento,-1
resto,-1
restriccion,-1
retencion,-1
retienen,-1
retirado,-1
retirar,-1
retirate,-1
retiro,-1
retrasar,-1
retraso,-1
reventar,-1
revictimizar,-1
revoltoso,-1
revoltosos,-1
ridiculas,-1
ridiculo,-1
riesgo,-1
riesgos,-1
rigidez,-1
rigido,-1
robada,-1
robada,-1
robando,-1
robar,-1
robaron,-1
robo,-1
robo,-1
robolucionario ,-1
rompio,-1
rompio cadena custodia,-1
rufian,-1
ruidoso,-1
ruina,-1
ruptura,-1
sabotea,-1
sacado,-1
sacan,-1
salado,-1
salga,-1
salieron,-1
salir,-1
salvaje,-1
sancionatorio,-1
sangriento,-1
sanguinario,-1
saqueados,-1
saquean,-1
saquear,-1
saquearon,-1
saquen,-1
saqueos,-1
satanisa,-1
satrapas,-1
sea varon,-1
secuestrado,-1
secuestradores,-1
secuestrar,-1
secuestro,-1
separado,-1
serpiente,-1
servil,-1
shunsha,-1
shunsho,-1
silbido,-1
sin sentido,-1
sinverguenza,-1
soberbios,-1
soborno,-1
sola,-1
solamente,-1
solano,-1
soledad,-1
solitario,-1
solo,-1
sombrio,-1
son correistas,-1
son metirosos,-1
sonsa,-1
sospechaba,-1
subversivos,-1
sucio,-1
sufra,-1
sufre,-1
sufri,-1
sufridos,-1
sufrieron,-1
sufriras,-1
sufriste,-1
superficial,-1
supresion,-1
supuesta,-1
supuestamente,-1
suspende,-1
suspendemos,-1
suspenden,-1
suspender,-1
susto,-1
tacha,-1
tardio,-1
taroso,-1
tema,-1
temblor,-1
tenso,-1
tercermundista,-1
terrible,-1
terror,-1
terrorismo,-1
terrorista,-1
terroristas,-1
tipejo,-1
tirano,-1
tiranos,-1
tongo,-1
tonto,-1
toque queda,-1
toquedequeda,-1
toquedequeda,-1
torcido,-1
torpeza,-1
tortuoso,-1
traicion,-1
traiciona,-1
traicionado,-1
traicionera,-1
traidor,-1
traidores,-1
trampa,-1
trastornado,-1
triste,-1
tristemente,-1
tristeza,-1
tumbaron,-1
tumor,-1
turro,-1
uff,-1
urgente,-1
usado,-1
vagancia,-1
vagos,-1
vandalicamente,-1
vandalismo,-1
vandalos,-1
variante,-1
vaya,-1
vender pais,-1
vendido,-1
veneno,-1
venenoso,-1
venganza,-1
vengativo,-1
verdugo,-1
verga,-1
vergüenza,-1
vergonzoso,-1
verguenza,-1
victima,-1
victimas,-1
video mio comiendo,-1
video mio comiendome,-1
viejito,-1
viejo,-1
villano,-1
violacion,-1
violaciones,-1
violadores,-1
violando,-1
violar,-1
violencia,-1
violenta,-1
violentas,-1
violento,-1
violentos,-1
violo,-1
virado,-1
vitalicios,-1
vos mismo,-1
vulneracion,-1
yucazo,-1
zumbido,-1
FALSO,-1
a lo bestia,1
a prueba de balas,1
a prueba de la intemperie,1
a vaca,1
abastecer,1
abastecimiento,1
abastecimiento,1
Abba,1
abierta,1
Abogacia,1
abogados,1
abrazo,1
abres,1
abrigo,1
abrir,1
abrirlo,1
abrumador,1
absolucion,1
absoluto,1
absorbido,1
abuela,1
abuelo,1
abundancia,1
abundante,1
academia,1
academico,1
acceder,1
accesible,1
accesorio,1
accion,1
accion de gracias,1
acepta,1
aceptable,1
aceptacion,1
aceptan,1
aceptando,1
acertada,1
acertada,1
acertadas,1
acertaron,1
aclarar,1
acogedor,1
acogida,1
Acolitar,1
acolitarle,1
acompanamiento,1
aconsejable,1
acopio,1
acreditado,1
acrobata,1
actitud,1
activado,1
actuaban,1
actuar,1
actuaremos,1
acuerdan,1
acuerdas,1
acuerdo,1
acuerdos,1
adaptable,1
adaptar,1
adecuada,1
adecuado,1
adelante,1
adelanto,1
adepto,1
adjunto archivo,1
administracion,1
admirable,1
admiracion,1
admirador,1
admirar,1
admisible,1
admite,1
adolescentes,1
adoptar,1
adoptar acciones,1
adorable,1
adoracion,1
adorar,1
adornado,1
adquirimos,1
adquirir,1
adquisidor,1
adrenalina,1
adviento,1
afable,1
afan,1
afecto,1
afirmacion,1
afirmando,1
afirmar,1
afirmativamente,1
afirmativo,1
afluencia,1
afluente,1
afortunado,1
agente de mudanzas,1
agil,1
agilidad,1
agilizar,1
agosto,1
agraciado,1
agradable,1
agradece,1
agradecemos,1
agradecer,1
agradecido,1
agradecimiento,1
agradezco,1
agredece,1
agricultura,1
agrimensura,1
aguante,1
agudeza,1
aguja,1
ahorrado,1
ahorro,1
ahorros,1
ahueva,1
alabado,1
alabanza,1
alabastro,1
alarde,1
alcalde,1
alcanzable,1
aldeano,1
alegra,1
alegrarse,1
alegre,1
alegria,1
alegro,1
alentar,1
alhaja,1
aliado,1
alimentacion,1
alimenticias,1
alimento,1
alineandose,1
aliviar,1
alivio,1
alma,1
almacenar,1
almirante,1
almohada,1
almohadilla,1
aloha,1
alojamiento,1
alquiler,1
alta burguesia,1
altruista,1
amabilidad,1
amable,1
amanecer,1
amanerado,1
amas,1
ambulancia,1
ambulancias,1
Amen,1
amenidad,1
amiga,1
amigas,1
amigo,1
amigos,1
amiguis,1
amiguita,1
amistad,1
amistades,1
amistoso,1
amnistia,1
amo,1
amor,1
amoroso,1
amortiguar,1
ampara,1
amplia,1
ampliado,1
ampliamos,1
ampliar,1
analista,1
analistas,1
analizar,1
ananay,1
ancianos,1
ancla,1
anclaje,1
angel,1
angelical,1
anhelo,1
anhelo,1
animado,1
animar,1
animo,1
aniversario,1
antepasados,1
antibioticos,1
antidoto,1
antiguo,1
antiseptico,1
anuncia,1
anunciadas,1
anunciado,1
anuncian,1
anunciando,1
anunciaron,1
apalancamiento,1
apareciendo,1
apasionado,1
apego,1
aplaude,1
aplauden,1
aplaudidos,1
aplaudimos,1
aplaudir,1
aplausos,1
aplomo,1
apogeo,1
apologetico,1
aporta,1
apostol,1
apoya,1
apoyamos,1
apoyan,1
apoyando,1
apoyar,1
apoyaron,1
apoyarte,1
apoyo,1
apreciacion,1
apreciar,1
aprender,1
aprendi,1
aprendizaje,1
aprobacion,1
aprobamos,1
aprobamos,1
aprobar,1
aprobatorio,1
apropiado,1
aprovecha,1
aprovechar,1
aprovecharan,1
aproveche,1
aprovechen,1
aprueba,1
aptitud,1
apto,1
apuesto,1
apuntalar,1
arbitro,1
arbol,1
arbol genealogico,1
ardiente,1
ardor,1
arena,1
aristocracia,1
aristocratico,1
armadura,1
armonia,1
armoniosamente,1
aroma,1
arqueologia,1
arrebatado,1
arreglar,1
arrepentirse,1
art,1
arte,1
artesano,1
articulacion,1
articular,1
artistico,1
ascendencia,1
ascenso,1
asegurar,1
asegure,1
aseguro,1
asentir,1
asequible,1
asesor,1
asesorar,1
asesores,1
asilo,1
asistencia,1
asociacion,1
asociado,1
asociar,1
asombro,1
aspiracion,1
aspirar,1
astrologo,1
astronauta,1
astronomo,1
astuto,1
atencion,1
atencion plena,1
atender,1
atendiendo,1
atenta,1
atento,1
aterciopelado,1
aterrizado,1
atestiguar,1
atleta,1
atletico,1
atomo,1
atracar,1
atraccion,1
atractivo,1
atrapar,1
atrevido,1
audacia,1
audaz,1
aupados,1
aura,1
auspiciar,1
autenticidad,1
autentico,1
autodefensas,1
autor,1
autoridad,1
autoridades,1
autoritario,1
autorizacion,1
autorizado,1
autorizar,1
avanza,1
avanzado,1
avanzar,1
avatar,1
aventuras,1
aventurero,1
Avispado,1
ayuda,1
ayudamos,1
ayudan,1
ayudando,1
ayudante,1
ayudar,1
ayudarle,1
ayudaron,1
ayuden,1
ayudo,1
azucar,1
azucarado,1
bacan,1
bachillerato,1
bailando,1
baile,1
balada,1
balance,1
balanzas,1
ballet,1
baloncesto,1
balsamo,1
bandera,1
banera,1
banquete,1
barato,1
baratos,1
bardo,1
barra,1
base,1
bases,1
bastion,1
bautismal,1
bautismo,1
bebe,1
bebida,1
bebidas,1
beca,1
becerro,1
belleza,1
bellezas,1
bello,1
bendecir,1
bendicion,1
bendiciones,1
bendiga,1
bendita,1
bendito,1
benefactor,1
beneficiamos,1
beneficiaria,1
beneficie,1
beneficio,1
beneficioso,1
benevolencia,1
benigno,1
Beso,1
biblico,1
biblioteca,1
biela,1
bien,1
bien proporcionado,1
bienes,1
bienestar,1
bienvenida,1
billeteado,1
blanco,1
blancura,1
bochornoso,1
bola de fuego,1
bonanza,1
bondad,1
bonita,1
bonito,1
bonus,1
bote,1
boya,1
bravo,1
brillante,1
brillar,1
brillo,1
brindis,1
brio,1
brocado,1
broda,1
broder,1
broma,1
bromas,1
bromista,1
bronceado,1
buen,1
buena,1
buena facha,1
buena voluntad,1
buenas,1
buendia,1
buenisimas,1
bueno,1
buenos,1
buldog,1
bullicioso,1
bus,1
buscar soluciones,1
busqueda,1
caballeria,1
caballero,1
cachar,1
cafeteria,1
calculadora,1
calidad,1
califica,1
calificado,1
calificar,1
calificativo,1
calma,1
calmante,1
calmar,1
camarada,1
camaras,1
cambio,1
campeon,1
canario,1
cancioneta,1
candidato,1
candidatura,1
canta,1
cantar,1
capa,1
capacidad,1
capataz,1
capitalista,1
capitan,1
caracteristica,1
cargador,1
caricia,1
caridad,1
carino,1
Caritativo,1
carrera,1
casa,1
casar,1
cascada,1
casco,1
castidad,1
catartico,1
catedral,1
categorico,1
cautelosamente,1
cauteloso,1
cautivador,1
cautivar,1
cebador,1
ceda,1
cedan,1
cede,1
ceder,1
cedio,1
celebracion,1
celebrado,1
celebrando,1
celebrar,1
celebridad,1
celestial,1
celo,1
cena,1
centelleo,1
centinela,1
centrar,1
centurion,1
cerca,1
cercania,1
cerebral,1
ceremonia,1
Cereza,1
certeza,1
cerveza,1
chance,1
che,1
Chevere,1
chiripa,1
chirrido,1
chocolate,1
choza,1
cielo,1
Cielos,1
cientifico,1
cierre,1
ciertos,1
cincel,1
cinta,1
circuncision,1
ciruela,1
citar,1
ciudadano,1
civil,1
civilidad,1
civilizacion,1
civilizado,1
claridad,1
clarividente,1
claro,1
clasico,1
clasicos,1
clasificar,1
clerical,1
cliente,1
climax,1
coalicion,1
cobrando,1
cobrar,1
cobrara,1
coche de turismo,1
coexistir,1
cognitivo,1
coherencia,1
coherente,1
cohesivo,1
coito,1
colectivamente,1
columna vertebral,1
comandante,1
comentarista,1
comer,1
comida,1
comodidad,1
comodoro,1
companerismo,1
companero,1
comparte,1
compartir,1
comparto,1
compasion,1
compasivo,1
compatibilidad,1
compatible,1
compensacion,1
compensar,1
compensatorio,1
competencias,1
competente,1
complacencia,1
complementario,1
complemento,1
completamente,1
completando,1
compositor,1
comprender,1
comprension,1
comprometido,1
compuesto,1
comunicar,1
comunicativo,1
comunidad,1
comunion,1
conceder,1
concedido,1
concentrese,1
concentrico,1
conciencia,1
concienzudo,1
conciliacion,1
concluyendo,1
concordancia,1
concordia,1
concuerdo,1
conde,1
condesa,1
condolencia,1
condonar,1
conducente,1
conductividad,1
confederado,1
conferencista,1
confesar,1
confiabilidad,1
confiable,1
confianza,1
confidente,1
confirmado,1
confirmando,1
conformidad,1
congratulatorio,1
congregacion,1
congruencia,1
conjetura,1
conjunto,1
conmemoracion,1
conmemorar,1
conmemorativo,1
conmutacion,1
conmutar,1
conocedor,1
conocido,1
conocimiento,1
conocimientos,1
conquista,1
consagracion,1
consciente de,1
consejero,1
Consejo,1
conservacion,1
conservar,1
considerable,1
considerablemente,1
consideracion,1
considerado,1
consigna,1
consistencia,1
consola,1
consonante,1
constancia,1
constante,1
constitucional,1
construir,1
construyendo,1
consuelo,1
consumado,1
consumar,1
consumidor,1
consumidores,1
consumo,1
consumos,1
contacto,1
contar,1
contemplacion,1
contenido,1
contento,1
contigo,1
continuamos,1
continuar,1
contorno,1
contratar,1
contribuir,1
contribuyente,1
convencer,1
convencion,1
convenido,1
conveniencia,1
conveniente,1
convento,1
conversacional,1
convertir,1
convierte,1
convincente,1
convirtiendo,1
convocado,1
convocan,1
cooperacion,1
cooperando,1
cooperar,1
cooperativa,1
coraje,1
coral,1
corazoncito,1
Cordero,1
cordon,1
coro,1
coronacion,1
coronamiento,1
coronel,1
corporacion,1
corporeo,1
correcta,1
correctamente,1
correctivo,1
correcto,1
corregirse,1
correspondencia,1
corresponder,1
corroborar,1
cortadores,1
cortes,1
cortesia,1
cosecha,1
cosmopolita,1
cosquillas,1
costa,1
crear,1
creativo,1
crecer,1
creciente,1
crecimiento,1
credencial,1
credibilidad,1
credito,1
cree,1
creemos,1
creen,1
creer,1
crees,1
creible,1
crema,1
crescendo,1
creyendo,1
criar,1
cristal,1
cronica,1
crucial,1
cuento,1
cuesta arriba,1
cuidadosamente,1
cuidadoso,1
cuidando,1
culinario,1
culminacion,1
cultivado,1
cultivar,1
cultivo,1
cultura,1
cumpleanos,1
cumplimiento,1
cumplir,1
cuna,1
curable,1
curacion,1
curiosidad,1
custodia,1
dama,1
dama de honor,1
dan,1
dando,1
dar,1
dar fe,1
darle,1
darse,1
dato,1
datos,1
de acuerdo,1
de buen gusto,1
de buen ver,1
de buena gana,1
de chuparse los dedos,1
de confianza,1
de moda,1
de una,1
de viaje,1
debate,1
decencia,1
decentes,1
dechado,1
declaracion,1
declaratorio,1
Dedicacion,1
defender,1
defenderlo,1
defendido,1
defendiendo,1
defensa,1
defensor,1
defensoria,1
deferencia,1
defienda,1
defiendan,1
defiender,1
definitivo,1
delantero,1
delegar,1
deleite,1
delfin,1
Delgado,1
deliberar,1
delicias,1
delicioso,1
demanda,1
democracia,1
demostrable,1
demostrativo,1
departamento,1
dependiente,1
deponen,1
deroga,1
derogar,1
derogare,1
derogatoria,1
desarmado,1
desarrolla,1
desarrollan,1
desarrollar,1
desarrollo,1
desatar,1
desayuno,1
desayunos,1
descanso,1
descriptivo,1
descubra,1
descubrimiento,1
descuento,1
descuentos,1
deseable,1
deseando,1
deseoso,1
desfile,1
designa,1
desinfeccion,1
desinteresado,1
despeje,1
despertar,1
desplegar,1
destacado,1
destacamos,1
destilacion,1
destinado a,1
destino,1
destreza,1
desviacion,1
deteccion,1
detectar,1
detengo,1
determinacion,1
determinado,1
devolver,1
devoto,1
dia,1
dialogar,1
dialogo,1
dialogo,1
dialoguen,1
diamante,1
diario,1
diccionario,1
dicen las verdades,1
diciembre,1
didactico,1
dietetico,1
dignidad,1
digno,1
diligencia,1
dilucidar,1
dinero,1
Dios,1
diosito,1
diplomacia,1
diplomatico,1
direccion,1
direcciones,1
director de escuela,1
dirigencia,1
dirigente,1
dirigentes,1
dirigir,1
discrecion,1
discrecional,1
disculpa,1
disculpar,1
disculpas,1
disculpe,1
disculpen,1
discusion,1
diseminar,1
disenador,1
disfruta,1
disfrutando,1
disfrutar,1
disfrute,1
disfruto,1
disponible,1
dispuesto,1
distincion,1
diversificado,1
diversion,1
diverso,1
divertidisimo,1
divertido,1
divinidad,1
docil,1
doctor,1
dolar,1
dominante,1
don,1
donacion,1
doncella,1
dotacion,1
dotado,1
dotar,1
dueto,1
dulce,1
dulces,1
dulzura,1
duque,1
durabilidad,1
durable,1
duran,1
economicas,1
edificacion,1
edificio,1
educado,1
educados,1
educar,1
educativo,1
efectivas,1
efectivo,1
efecto,1
efemerides,1
eficacia,1
eficaz,1
eficiencia,1
eficiente,1
ejecutante,1
ejemplar,1
ejemplo,1
el respeto,1
elaboracion,1
elastico,1
eleccion,1
electo,1
electricidad,1
electrico,1
elegancia,1
elegante,1
elegible,1
elegido,1
elegir,1
elevacion,1
elite,1
elocuencia,1
elocuente,1
elogiar,1
emancipacion,1
embajador,1
embaldosado,1
embellecer,1
embellecimiento,1
emeritus,1
eminencia,1
eminente,1
eminentemente,1
emocion,1
emocionado,1
emocionante,1
empatia,1
emprendedor,1
emprendimiento,1
emular,1
en abundancia,1
en deber,1
en pie,1
en verdad,1
encanta,1
encanta,1
Encantado,1
encantador,1
encantar,1
encanto,1
encarar,1
enchufadisimo,1
enciclopedia,1
encontro,1
energetico,1
enfermera,1
enfrentado,1
enfrentar,1
enfrentarse,1
enfrente,1
engranaje,1
enhorabuena,1
enjuagar,1
enmendar,1
enraizado,1
enriquecer,1
ensenada,1
ensenar,1
ensenaron,1
ensueno,1
entiendo,1
entonacion,1
entrega,1
entretener,1
entretenido,1
entretenimiento,1
entusiasmo,1
entusiasta,1
epico,1
epitome,1
equidad,1
equilibrado,1
equilibrar,1
equilibrio,1
erotico,1
erudito,1
esbelto,1
escapar,1
escriba,1
escritor,1
escudos,1
escultura,1
esencial,1
esfuerzo,1
espacioso,1
espaldarazo,1
espantapajaros,1
espantosamente,1
especia,1
especial,1
espectaculo,1
esperamos,1
esperanza,1
esperanzado,1
esperar,1
esperes,1
espiritu,1
esplendido,1
esplendor,1
esposa,1
estable,1
establecido,1
estado,1
estar mosca,1
estatua,1
estelar,1
estetica,1
estetico,1
estilo,1
estima,1
estimada,1
estimado,1
estimados,1
estratega,1
estrategia,1
estrategico,1
estrella,1
estrellado,1
estrena,1
estreno,1
estructura,1
estudiar,1
eterno,1
etica,1
etico,1
evangelio,1
evidente,1
evolucion,1
exaltacion,1
exaltado,1
exaltar,1
exceder,1
excelencia,1
excelente,1
excelentes,1
excepcional,1
excitable,1
excitacion,1
excitar,1
exencion,1
exhaustivo,1
exhorta,1
exhortacion,1
exhortar,1
existencia,1
exito,1
exitosa,1
exitoso,1
exotico,1
expectativa,1
expedicion,1
experimentado,1
experto,1
expiacion,1
expiar,1
explicable,1
explique,1
exquisitamente,1
Exquisito,1
extasis,1
extatico,1
extendido,1
extenso,1
exterior,1
extra,1
extraordinario,1
exuberancia,1
exuberante,1
eyaculacion,1
facil,1
fabricante,1
facil,1
facilitar,1
facilmente,1
facultad,1
fama,1
familia,1
familiar,1
familiaridad,1
famosamente,1
famoso,1
farmaceutico,1
faro,1
fascinacion,1
fascinante,1
favor,1
favorable,1
favorita,1
favoritismo,1
favorito,1
fe,1
felicidad,1
felicita,1
felicitaciones,1
felicito,1
feliz,1
felizmente,1
felpa,1
fenix,1
fenomenal,1
fertil,1
fervor,1
festival,1
festividades,1
festivo,1
fidelidad,1
fiel,1
fiesta,1
fiestas,1
filantropia,1
filantropo,1
filosofo,1
finalmente,1
fino,1
finura,1
firme,1
firmeza,1
fisica,1
fisico,1
fisiologia,1
flexibilidad,1
flor,1
floral,1
florecer,1
flores,1
florido,1
flota,1
fluir,1
fonetico,1
forma,1
formacion,1
formalmente,1
formativo,1
formula,1
fortalecer,1
fortalecida,1
fortalecimiento,1
fortaleza,1
fortuna,1
fragante,1
fragua,1
franco,1
franqueza,1
fraternal,1
fraternidad,1
frene,1
fresco,1
frescura,1
fructifero,1
frugal,1
fue devuelta,1
fuego,1
fuerte,1
fuerza,1
fuerzas,1
full,1
funcionando,1
Fundacion,1
fundamental,1
fusible,1
fusion,1
futbol,1
gabinete,1
gaceta,1
gaje,1
galante,1
galanteria,1
galas,1
gana,1
ganador,1
ganancia,1
ganancia inesperada,1
ganancias,1
ganando,1
ganar,1
gano,1
gara,1
garantia,1
garantiza,1
gatito,1
gemelo,1
general,1
generan,1
generosa,1
generosidad,1
generoso,1
genial,1
genio,1
gentil,1
geranio,1
gestion interna,1
gestionar,1
gigantesco,1
gimnasta,1
gloria,1
glorificacion,1
glorificar,1
gobernador,1
gobernar,1
grabadora,1
gracia,1
graciosamente,1
graduacion,1
gran tour,1
granate,1
grande,1
grandeza,1
granizo,1
gratis,1
gratitud,1
gratuita,1
gregario,1
guardaespaldas,1
guarderia,1
Guardia,1
guardian,1
guarnicion,1
guay,1
guerrero,1
guia,1
guion,1
guru,1
gusta,1
gran,1
gustar,1
gusto,1
habil,1
habilitacion,1
habilitar,1
habitat,1
habla,1
hablar,1
hace,1
hacedor,1
hacer,1
hacer cumplir,1
hacerse un nido,1
halagüeno,1
Halar,1
haz,1
hazana,1
hechos,1
hedonismo,1
hembra,1
herbario,1
herencia,1
hermandad,1
hermano,1
hermosa,1
hermoso,1
heroe,1
heroica,1
heroico,1
heroina,1
heroismo,1
hidalgo,1
hierro,1
higiene,1
higienico,1
hija,1
hijitos,1
hijos,1
hilaridad,1
himno,1
historico,1
Hobby,1
hogar,1
hojas perennes,1
hombro,1
homenaje,1
homologia,1
honestidad,1
honesto,1
honestos,1
honor,1
honorable,1
honrado,1
horizonte,1
hospitalidad,1
huevos,1
humanidad,1
humanitaria,1
humanitario,1
humano,1
humildad,1
humildemente,1
humillado,1
humorista,1
humoristico,1
Hurra,1
idealismo,1
idolo,1
Iglesia,1
igual,1
iguala,1
igualdad,1
igualitario,1
Igualmente,1
ilimitado,1
iluminacion,1
iluminar,1
ilustracion,1
ilustrar,1
ilustre,1
imaginativo,1
iman,1
impacta,1
impactante,1
imparcial,1
imparcialidad,1
impartir,1
impecable,1
impermeable,1
imponente,1
imponga,1
importa,1
importancia,1
importante,1
importantes,1
importar,1
impresion,1
impresionante,1
impresionar,1
improvisar,1
impulsa,1
impulso,1
inactivo,1
inalambrico,1
inalienable,1
inamovible,1
inauguracion,1
Incapaz,1
incentivo,1
incisivo,1
inclinacion,1
incluido,1
incluir,1
inclusivo,1
incluso,1
incombustible,1
incomparable,1
incondicional,1
incontestable,1
increible,1
incrementar,1
incruento,1
incuestionable,1
incuestionablemente,1
indeleble,1
indemne,1
indemnidad,1
independencia,1
independientes,1
indestructible,1
individualidad,1
individualmente,1
indiviso,1
indomable,1
indudable,1
indulgente,1
inefable,1
inequivocamente,1
inesperado,1
infalible,1
infancia,1
infiltracion,1
infinito,1
influencer,1
influencia,1
influyente,1
informacion,1
informar,1
informativo,1
ingenio,1
ingenioso,1
ingresos,1
iniciativa,1
inimitable,1
inmaculado,1
inmediatamente,1
inmortal,1
innovacion,1
innovar,1
inocencia,1
inocente,1
inocentemente,1
inocuo,1
inoxidable,1
inquebrantable,1
inquilino,1
inquisitivo,1
inseparable,1
insignias,1
inspector,1
inspiracion,1
inspirado,1
inspirar,1
instintivo,1
instruccion,1
instructor,1
instruir,1
instrumental,1
insuperado,1
intacto,1
integridad,1
intelecto,1
intelectual,1
inteligencia,1
inteligente,1
intencionadamente,1
intenso,1
intercambiar,1
interesado,1
interesante,1
interesar,1
interlocutorio,1
interludio,1
intervencion,1
intimo,1
intrepido,1
intuicion,1
intuitivo,1
invariablemente,1
inventivo,1
inventor,1
investigacion,1
investigado,1
investigador,1
investigar,1
invicto,1
invitacion,1
irradiar,1
irreducible,1
irrefutable,1
irresistible,1
irrompible,1
jaranear,1
jardin,1
jarra,1
jefe,1
jinete,1
joven,1
jovial,1
joya,1
Jubilacion,1
jubiloso,1
judicial,1
jugueton,1
juicioso,1
juramento,1
jurar,1
justa,1
justicia,1
justificable,1
justificacion,1
justificar,1
justo,1
juventud,1
la bola,1
la licenciatura,1
la plena,1
labor,1
lanzamiento,1
laser,1
laureado,1
laurel,1
laureles,1
leal,1
lealtad,1
leccion,1
lecciones,1
lector,1
legal,1
legalizado,1
legendario,1
legibilidad,1
legible,1
legitimo,1
lema,1
leon,1
letrado,1
levantamiento,1
levantar,1
leyendo,1
liberacion,1
liberal,1
liberar,1
libertad,1
libertad de accion,1
libra esterlina,1
librar,1
libre,1
libremente,1
libreria,1
libresco,1
lider,1
liderazgo,1
lideres,1
liga,1
Ligar,1
limpiamente,1
limpiar,1
limpieza,1
limpio,1
linda,1
lira,1
lirico,1
lista,1
lista de control,1
listo,1
listos,1
llave,1
llena,1
llenando,1
lleno de alegria,1
lo completo,1
loable,1
local,1
logico,1
lograr,1
lograron,1
logro,1
longevidad,1
lucro,1
lujo,1
lujoso,1
Luna de miel,1
lustre,1
lustroso,1
luz de las estrellas,1
luz tenue,1
madre,1
madurar,1
maduro,1
maestria,1
magico,1
magnetismo,1
magnetita,1
magnificencia,1
magnifico,1
mago,1
majestad,1
majestuoso,1
mana,1
mancomunidad,1
mandarin,1
manifestado,1
mantecoso,1
mar,1
maravilla,1
maravillosa,1
maravillosamente,1
maravilloso,1
maravilloso,1
marcado,1
mariscal,1
marques,1
martir,1
marzo,1
mas alto,1
mas joven,1
masaje,1
masculino,1
maternidad,1
materno,1
matrimonio,1
matriz,1
matrona,1
maximo,1
mayor,1
mayordomo,1
mayoria,1
mecenazgo,1
medalla,1
mediacion,1
mediador,1
mediar,1
medicina,1
medico,1
Mediterraneo,1
medula,1
mejor,1
mejora,1
mejorado,1
mejoramiento,1
mejoran,1
mejorando,1
mejorar,1
mejores,1
memorable,1
mentor,1
merecer,1
merecido,1
merito,1
meritorio,1
mermelada,1
mesurado,1
meta,1
metropolitano,1
micomisariato,1
microscopia,1
miel,1
mija,1
mijines,1
milagro,1
milagroso,1
millones,1
mimica,1
minga,1
ministerio,1
minutos,1
misericordia,1
misericordioso,1
misionero,1
modales,1
modelo,1
moderador,1
moderar,1
modestia,1
modesto,1
molienda,1
monetario,1
monje,1
montaje,1
Monumento,1
moral,1
moralidad,1
mortero,1
motivo,1
movil,1
mudable,1
mueca,1
muscular,1
musica,1
musical,1
mutuo,1
nacimiento,1
nadar,1
nanito,1
naturalista,1
navegable,1
nectar,1
negociacion,1
negociador,1
negociar,1
negrita,1
neque,1
nervio,1
nietos,1
nino,1
nivel,1
no ahueva,1
no imaginable,1
no infectado,1
no pretencioso,1
no tiene precio,1
noble,1
nobleza,1
nocion,1
nominacion,1
normalidad,1
notable,1
notables,1
notoriedad,1
novia,1
noviazgo,1
novio,1
nucleo,1
nueva,1
nuevas,1
nuevo,1
numeros,1
nunca,1
nupcial,1
nutrir,1
nutritivo,1
oasis,1
obediencia,1
obediente,1
objetivo,1
obra maestra,1
observante,1
obstinado,1
obtener,1
obvio,1
ocio,1
ocupacion,1
ocupante,1
ocupar,1
oferta,1
ofertas,1
oficial,1
oficiales,1
ofrecen,1
ofrecer amistad,1
omnipotencia,1
omnisciente,1
opcion,1
Opcional,1
opera,1
oportunidad,1
oportuno,1
optimismo,1
optimista,1
oracion,1
oraculo,1
orar,1
ordenacion,1
ordenado,1
organico,1
organizacion,1
organizado,1
organizar,1
organizarnos,1
orgasmo,1
orgullo,1
orgulloso,1
origen,1
originalidad,1
oro,1
oropel,1
orquesta,1
ortografia,1
otorga,1
paciencia,1
paciente,1
pacifica,1
Pacifico,1
pacto,1
paga,1
pagan,1
pagar,1
paleta,1
paliativo,1
paloma,1
panacea,1
papa,1
parafrasis,1
parientes,1
parietal,1
parloteo,1
parque,1
parrillada,1
parte superior,1
Partera,1
parteria,1
participacion,1
participar,1
partido,1
pasatiempo,1
paseo,1
pasion,1
pastar,1
pasteleria,1
pastor,1
patentar,1
patio de recreo,1
patriarcal,1
patriotismo,1
patrocinador,1
patron,1
pautas,1
pavo real,1
payaso,1
paz,1
peculiaridad,1
pedir,1
pedir disculpas,1
pensar,1
pensativo,1
perceptible,1
percibir,1
perdon,1
perdonado,1
perdonar,1
perdonaremo,1
perdonen,1
perenne,1
perfeccion,1
Perfecto,1
pericia,1
permanece,1
permiso,1
permitir,1
permitirse,1
perpetuidad,1
perrito,1
perro guardian,1
persistencia,1
persistente,1
perspectiva,1
perspicacia,1
perspicaz,1
pertinente,1
peso,1
petroleo,1
piadoso,1
picea,1
picnic,1
picotear,1
piedad,1
piedra clave,1
pilar,1
pilas,1
pildora,1
piloto,1
pimenton,1
pinaculo,1
pintoresco,1
pionero,1
piscina,1
pivote,1
pizarra,1
placer,1
placido,1
planeo,1
planificacion,1
plantear,1
plata,1
plazo,1
plenario,1
plexo,1
poblacion,1
poder,1
poderosa,1
poderosamente,1
poderoso,1
podria,1
polaco,1
policia,1
ponte once,1
ponte pilas,1
popular,1
popularidad,1
popularizado,1
popurri,1
por ultimo,1
portatil,1
poseer,1
postigo,1
potable,1
potencia,1
practica,1
practico,1
prado,1
precaucion,1
precedencia,1
precedente,1
preceder,1
precioso,1
precision,1
preciso,1
precursor,1
predileccion,1
predisposicion,1
predominante,1
preeminente,1
preferir,1
pregunta,1
premiar,1
premio,1
preparacion,1
preparado,1
preparar,1
presciente,1
presencia,1
presentable,1
presentacion,1
presente,1
preservar,1
preservativo,1
prestigio,1
presto,1
prevalecer,1
prevencion,1
prevenir,1
prever,1
prevision,1
prima,1
primacia,1
primario,1
primer ministro,1
primera,1
primera,1
primicias,1
princesa,1
principal,1
principales,1
Principe,1
principesco,1
prioritarias,1
priorizaremos,1
pristino,1
privilegiado,1
probar,1
probidad,1
procedimiento,1
procesion,1
procurador,1
prodigar,1
prodigio,1
prodigioso,1
prodigo,1
produccion,1
productiva,1
productividad,1
productivo,1
productor,1
profesion,1
profesional,1
profesor,1
profesora,1
profeta,1
profilactico,1
profundidad,1
profuso,1
programado,1
progresar,1
progresion,1
progresivo,1
progreso,1
prolifico,1
promesa,1
prometedor,1
prometido,1
prominencia,1
prominentemente,1
promocion,1
promover,1
propicio,1
propiedad,1
propio,1
proporcionar,1
proposicion,1
propuestas,1
prosperar,1
prosperidad,1
prospero,1
proteccion,1
protector,1
proteger,1
protegiendo,1
proverbial,1
proximo,1
prudencia,1
prudente,1
publico,1
puede,1
pueden,1
puedes,1
puedo,1
puesta de sol,1
pulcramente,1
pulcro,1
pulido,1
pulpito,1
Puntuacion,1
puntual,1
puntualidad,1
pura,1
pura sangre,1
puramente,1
pureza,1
purificacion,1
purificar,1
purista,1
puro,1
queremos,1
querido,1
quieren,1
quiero,1
quietud,1
quimico,1
quinina,1
racional,1
radiante,1
radio,1
ramo,1
rapidez,1
rapido,1
rapto,1
raton de biblioteca,1
razon,1
reactivar,1
reafirmar,1
real,1
realeza,1
realizar,1
reanimar,1
reanudacion,1
reavivar,1
rebajas,1
recado,1
recepcion,1
recibido,1
recibir,1
reclinar,1
reclusion,1
recoger,1
recomendable,1
recomendar,1
recomiendo,1
recompensa,1
reconciliacion,1
reconciliarse,1
reconocible,1
reconocido,1
reconociendo,1
reconocimiento,1
reconsideracion,1
reconstruccion,1
reconstruir,1
recreacion,1
recreativo,1
rectificar,1
recuerde,1
recuerdo,1
recupera,1
recuperacion,1
recuperamos,1
recuperan,1
recuperar,1
recursos,1
redencion,1
reembolsar,1
reembolso,1
refinamiento,1
refinar,1
reflexione,1
reforma,1
reformador,1
reforzamiento,1
reforzar,1
refrescante,1
refugio,1
refundir a,1
regalo,1
regente,1
regocijo,1
regresivo,1
regular,1
regularidad,1
rehabilitacion,1
rehabilitar,1
rehacer,1
reintegrar,1
reir,1
reirme,1
rejuvenecer,1
rejuvenecido,1
relajacion,1
relajate,1
relleno,1
remachado,1
remedio,1
remision,1
remodelar,1
Renacimiento,1
rendir culto,1
renombrado,1
renombre,1
renovacion,1
renovar,1
reorganizar,1
reparacion,1
reparto,1
replantear,1
repleto,1
reponer,1
reportero,1
reposo,1
representa,1
representado,1
reproductivo,1
resarcir,1
rescatable,1
rescate,1
reserva,1
residente,1
resistador,1
resistencia,1
resistente,1
resistir a,1
respaldo,1
respecto a,1
respeta,1
respetabilidad,1
respetable,1
respetamos,1
respetan,1
respeten,1
respeto,1
respetos,1
respetuoso,1
respiro,1
resplandeciente,1
resplandor,1
responsabilidad,1
responsable,1
restaurando,1
restaurar,1
restaurativo,1
restitucion,1
resueltamente,1
resulto maestro,1
reto,1
retozar,1
retozon,1
reunion,1
revelan,1
reverencia,1
reverenciar,1
reverendo,1
revisar,1
revolucion ,1
revolucionario,1
Rey,1
rico,1
ricos,1
riendo,1
riendome,1
riqueza,1
riquisimo,1
risa,1
risa disimulada,1
risilla,1
risita,1
ritmico,1
ritmo,1
rizo,1
roble,1
robusto,1
rock,1
rodear,1
romance,1
romanticismo,1
romantico,1
ronroneo,1
rosado,1
rubrica,1
rutina,1
sabiduria,1
sabio,1
sabios,1
saborcito,1
saborear,1
sabores,1
sabroso,1
sacerdocio,1
sacerdotal,1
sacerdote,1
sacrificio,1
salario,1
saliente,1
salmo,1
saltar,1
saluda,1
saludable,1
saludo,1
saludos,1
salvacion,1
salvaguardia,1
salvar,1
salvoconducto,1
samurai,1
sanar,1
sanidad,1
sanitario,1
sano,1
santa,1
santafe,1
santidad,1
santificacion,1
santificar,1
santo,1
santuario,1
super,1
satin,1
satisfacer,1
satisfactoriamente,1
satisfecho,1
sazonado,1
secretaria,1
secundario,1
seda,1
seducir,1
seductor,1
seguidor,1
segura,1
seguridades,1
seguro,1
sello,1
sembrar,1
semental,1
sencillo,1
senorio,1
sensacion,1
sensacional,1
sensibilidad,1
sensible,1
sensual,1
sensualidad,1
sentido,1
sentimental,1
sentimentalismo,1
sentir,1
serenidad,1
sereno,1
seriedad,1
sermon,1
servicial,1
servicio,1
sesos,1
sesudamente,1
Settlor,1
sexo,1
sidra,1
siempre que,1
siesta,1
simbolico,1
simetria,1
simetrico,1
simpatia,1
simpatico,1
simpatizantes,1
simple,1
simplificar,1
sin par,1
sin prisa,1
sin restricciones,1
sinceramente,1
sinceridad,1
sincero,1
sincronizar,1
sinergico,1
sinfonia,1
sinodo,1
sinonimo,1
Smo,1
sobrehumano,1
sobresalir,1
sobrevivir,1
sobriedad,1
sociable,1
socio,1
sol,1
soldado,1
soleado,1
solidaria,1
solidaridad,1
solidariza,1
solidarizo,1
solidez,1
solido,1
solucion,1
solucionar,1
solvencia,1
sonar,1
sonata,1
sondear,1
soneto,1
sonoro,1
sonreir,1
sonriente,1
sopa,1
sopa de pescado,1
soporta,1
soportado,1
soportando,1
soportar,1
sorprende,1
sorprendentemente,1
sorprendentes,1
sorpresa,1
sosegado,1
sostenible,1
spa,1
spaniel,1
staccato,1
suavidad,1
sublimacion,1
subrayar,1
subsidio,1
subsidios,1
subsiguiente,1
sucinto,1
suculento,1
suero,1
suerte,1
suficiencia,1
sugieren,1
sumergirse,1
suministro,1
suministros,1
super,1
superestrella,1
superhombre,1
superior,1
superioridad,1
supersticion,1
suplica,1
supremacia,1
supremamente,1
supremo,1
suscribir,1
sustancia,1
sustantivo,1
tacto,1
talento,1
talisman,1
tarea,1
taxi,1
teatro,1
tecnologia,1
templado,1
templanza,1
tenacidad,1
tenaz,1
tendencia,1
tenencia,1
tener exito,1
tentador,1
teorico,1
terapeutica,1
terapeutico,1
terciopelo,1
terminacion,1
termine,1
ternurita,1
tesoro,1
tia,1
tiempo,1
tiempos,1
tierra,1
tipo,1
titulo,1
toda,1
todopoderoso,1
tolerancia,1
tolerante,1
torneo,1
torre,1
tortolines,1
total,1
totalmente,1
trabaja,1
trabajando,1
trabajar,1
trabajo preparatorio,1
tradicional,1
tranquila,1
tranquilidad,1
tranquilizar,1
tranquilo,1
transparente,1
trascendencia,1
trascendental,1
tratar,1
tregua,1
tributo,1
trigonometria,1
tripas,1
triunfadores,1
triunfal,1
triunfante,1
triunfo,1
trofeo,1
trompeteo,1
trono,1
tutela,1
tutor,1
ujier,1
unanime,1
unanimidad,1
ungüento,1
unico,1
unidad,1
unido,1
unidos,1
unificacion,1
uniformemente,1
unir,1
unirse,1
unisono,1
unitario,1
universal,1
Universidad,1
usual,1
utilidad,1
utopico,1
vacaciones,1
vacuna,1
valentia,1
valiente,1
valioso,1
valor,1
vanguardia,1
variedad,1
varonil,1
vastago,1
vecino,1
velloso,1
vencer,1
vencer a,1
venciendo,1
vendedor,1
vendible,1
venerable,1
veneracion,1
ventaja,1
ventajoso,1
ventas,1
veracidad,1
verdad,1
verde,1
verificacion,1
verificado,1
vernal,1
versado en,1
vertical,1
veterano,1
viajar,1
viaje,1
vicario,1
Victor,1
victoria,1
victorioso,1
viga,1
vigilancia,1
vigilante,1
vigilia,1
vigor,1
vigorizar,1
vigoroso,1
villancico,1
vindicacion,1
vindicado,1
Virgen,1
virginidad,1
virilidad,1
virtud,1
virtuoso,1
vision,1
visionario,1
visita,1
visitante,1
visitar,1
visto el futuro,1
vital,1
vitales,1
vitalidad,1
viva,1
vivaz,1
vive,1
viven,1
vivido,1
vivimos,1
vivirlo,1
vivisimo,1
vivo,1
vocabulario,1
volador,1
volar,1
voluntario,1
voluptuoso,1
volverlos,1
votacion,1
votar,1
voto,1
votos,1
wey,1
wis,1
wot,1
Yapa,1
zurcidura,1
VERDADERO,1
